movie,task,segment_coarse.rt,segment_fine.rt,order,sub
1.2.3,segment,,"[8.70133923800313, 56.69331247798982, 80.31731625199609, 94.92533559000003, 143.27735288300028, 236.66936102398904, 269.78134280099766, 304.02136974099267, 325.1813562409952, 334.9733748869912, 382.86938433299656, 429.7173942109948, 576.9814247849863]",fine_coarse,e152005
6.3.9,segment,,"[25.547947190993, 56.52396996700554, 277.1240183310001, 281.18000857299194, 305.58000837199506, 427.2280228979944, 531.4280147989921, 669.4120246859966]",fine_coarse,e152005
3.1.3,segment,,"[19.948985061986605, 71.6690138859849, 164.5970234439883, 253.65302296399022, 335.1490554449847, 453.3490620329976, 565.7730652329919]",fine_coarse,e152005
2.4.1,segment,,"[79.81783747198642, 90.51383662200533, 195.35385976199177, 223.07388111800537, 329.5619006319903, 401.04988013301045, 540.6659265930066, 579.5619089799875, 628.6899337880022, 641.8739343879861]",fine_coarse,e152005
1.2.3,segment,"[82.17929105399526, 145.08331367300707, 582.6593752820045]",,fine_coarse,e152005
6.3.9,segment,"[281.3335835369944, 439.4215906499885, 668.9416241660074]",,fine_coarse,e152005
3.1.3,segment,"[21.034288915019715, 395.2583310689952, 580.7143614279921]",,fine_coarse,e152005
2.4.1,segment,"[338.6184835979948, 405.4425017640169, 627.3545305549924]",,fine_coarse,e152005
1.2.3,segment,"[59.227603631999955, 83.88357980900037, 151.8596073940007, 269.8356039500004, 336.68362651999996, 427.41962016400066, 576.5476570170003]",,coarse_fine,e152006
6.3.9,segment,"[281.9590291270006, 437.80704761500056, 526.2950236730012, 670.5990432030012]",,coarse_fine,e152006
3.1.3,segment,"[25.50844383399999, 70.22843949800153, 170.3484622490014, 342.71646851600053, 414.7404769470013, 460.36448090200065, 574.4525190010008]",,coarse_fine,e152006
2.4.1,segment,"[211.30636371499895, 316.8263839629999, 402.4103732529984, 532.2025038159991, 625.9464174999994]",,coarse_fine,e152006
1.2.3,segment,,"[7.7027952690004895, 56.72681142399961, 82.29480411800068, 107.25478993099932, 144.35881771499953, 225.2148065599995, 235.24680131700006, 269.4548148190006, 285.57481607000045, 301.23878664699987, 321.06283812199945, 332.9588441449996, 347.822812032, 348.0627997869997, 377.5988217459999, 401.27086286099984, 426.54286110199973, 442.870867398, 457.2068388080006, 483.3508130680002, 505.3108639260008, 530.7988510579999, 553.2148455999995, 575.782833927]",coarse_fine,e152006
6.3.9,segment,,"[24.36784398800046, 54.703854764000425, 199.91987237500143, 274.19988132100116, 282.7519018870007, 303.1439035200001, 418.26389732400094, 506.6719169090011, 525.863899381, 543.5119344600007, 621.903926035, 668.7839299510015]",coarse_fine,e152006
3.1.3,segment,,"[20.51465830500092, 72.37867872499919, 96.81071400700057, 135.48271467000086, 172.81869248799921, 199.2987307559997, 227.88273818699963, 248.98670837700047, 266.08271613500074, 325.74670329699984, 343.4587585329991, 364.6187541239997, 384.314733919, 421.31472663299974, 460.36277657900064, 481.25872615700064, 511.3707579540005, 555.5467523450006, 580.578768591]",coarse_fine,e152006
2.4.1,segment,,"[11.353171523998753, 79.929193553, 137.95316749799895, 195.1452040669992, 242.91317249799977, 314.74519433800015, 347.6891950019999, 358.44124193399875, 397.9372115539991, 465.98523784200006, 528.7612497729988, 544.3292359850002, 573.5212374450002, 580.4412398349996, 584.8732401670004, 594.8812251149993, 626.2092305409988, 640.7292231579995]",coarse_fine,e152006
1.2.3,segment,"[81.22465172300144, 152.4806256030024, 275.1366779279997, 341.2486640080024, 429.0887055109997, 581.5687208230011]",,coarse_fine,e152007
6.3.9,segment,"[201.5615719640009, 275.17759370800195, 303.28958691500156, 431.4016054120002, 525.4976156429984, 669.961619376998]",,coarse_fine,e152007
3.1.3,segment,"[22.026569180998194, 168.62662580000324, 342.442650347999, 417.8026482389978, 581.7706659530013]",,coarse_fine,e152007
2.4.1,segment,"[216.21561364099762, 329.53564650000044, 359.3036620720013, 404.4636206569994, 577.5596761380002, 635.8076897270003]",,coarse_fine,e152007
1.2.3,segment,,"[56.83075998399727, 80.3107490820039, 93.07074369800102, 130.83872440599953, 143.12676824899972, 152.21474196000054, 229.72677923800074, 275.0387618129971, 303.4387495030023, 321.91876337100257, 336.2628213860007, 378.2787748310002, 399.1507537439975, 427.59881532000145, 505.9028025689986, 530.246792486003, 580.526802772998]",coarse_fine,e152007
6.3.9,segment,,"[26.682888985000318, 60.498903214000165, 199.58692414800316, 274.70693683600257, 281.1549253990015, 302.7789240130005, 439.170927981002, 525.7789834700015, 616.8589582049972, 631.8429262729987, 669.202961326002]",coarse_fine,e152007
3.1.3,segment,,"[20.56541860300058, 31.349407201996655, 69.54942225600098, 131.38140472899977, 163.53341983399878, 170.65342203199543, 192.26142491000064, 265.13343081699713, 324.901464306, 342.7494602680017, 351.51742021599784, 384.91744584000116, 414.77344799399725, 460.38947836100124, 494.01346463799564, 511.43748143500125, 565.2854402270023, 581.2214780729992]",coarse_fine,e152007
2.4.1,segment,,"[10.657775728999695, 79.74574539100286, 194.73778898200544, 222.75377393600502, 285.60981880799955, 318.68979090200446, 348.66581408800266, 358.3378638430004, 401.48179879799864, 529.9378192639997, 585.5298301400035, 629.7298304010037, 641.3138556289996]",coarse_fine,e152007
1.2.3,segment,,"[-1.1377288900039275, 56.030259610997746, 79.07028421299765, 84.88626648699574, 92.34225806099857, 94.46227579599508, 143.44626878899726, 151.16626382499817, 155.33428597499733, 226.71826314799546, 236.2222950419964, 270.2623053499992, 285.98227731099905, 291.38229763900017, 302.0703087139991, 322.52629198599607, 332.6062913179994, 352.9983174009976, 377.74228812599904, 400.3586176509998, 426.5822737039998, 458.76630743499845, 483.18230881999625, 505.66233606699825, 531.0303052059971, 555.2142904639986, 575.9983249979996, 580.9663136029994]",fine_coarse,e152008
6.3.9,segment,,"[6.908971085998928, 13.460978554001485, 27.06897153900354, 54.20496216200263, 63.03698851300578, 179.71702155200182, 201.66101216800598, 417.173022242001, 441.78102303500054, 525.7410175930054, 530.9090334420034, 604.0690169529989, 635.8690685050024, 662.3970487840052]",fine_coarse,e152008
3.1.3,segment,,"[10.648828156998206, 20.800846789999923, 24.440857647001394, 31.520826323998335, 64.94483395200223, 77.21683722000307, 129.12883690000308, 134.832861324001, 148.1288298590007, 172.90486693300045, 182.75284939200355, 209.08084886299912, 262.8248965120001, 331.12089277199993, 347.336871239997, 375.2488753930011, 393.49688796400005, 406.48886788300297, 444.29689503600093, 453.04087828000047, 469.2568731759966, 557.5449197609996, 576.0408972509977]",fine_coarse,e152008
2.4.1,segment,,"[85.78620123000292, 94.41820325200388, 194.09022870100307, 210.74621120699885, 243.50620657800027, 282.80224382699816, 313.41024077600014, 325.0422325870022, 347.0262598249974, 363.9062229140036, 400.7462463810007, 528.8822590290001, 543.8422679110008, 578.586267368999, 580.9702911679997, 626.162291157998]",fine_coarse,e152008
1.2.3,segment,"[8.362966485998186, 78.50702422899485, 83.64297836999322, 152.29100063799706, 156.37900526799785, 275.2910605319994, 577.6190532629989]",,fine_coarse,e152008
6.3.9,segment,"[15.783240088996536, 280.199277271, 286.2392601479951, 420.83133094899677, 525.175306019999, 530.4072955589945, 670.0793355409987]",,fine_coarse,e152008
3.1.3,segment,"[24.17181908999919, 416.8678763650023, 423.5238962430012, 568.1398971009985]",,fine_coarse,e152008
2.4.1,segment,"[13.80390080899815, 314.0119233360019, 363.41194206199725, 401.21998018700106, 404.94794874700165, 633.267968772001]",,fine_coarse,e152008
1.2.3,segment,"[7.937525714000003, 57.76152606799951, 185.88153584299926, 277.3775515739999, 338.6335666629993, 436.8975845289997, 577.0095893139996]",,coarse_fine,e152009
6.3.9,segment,"[17.13977628700013, 347.2278304619995, 429.7558498090002, 526.2758600829993, 670.9158542019995]",,coarse_fine,e152009
3.1.3,segment,"[347.1007803480006, 422.5647948960004, 467.1088021180003]",,coarse_fine,e152009
2.4.1,segment,"[10.03510311700029, 215.57911906900063, 328.85916865200033, 401.11516547800056, 587.4672286540008, 637.7791909150001]",,coarse_fine,e152009
1.2.3,segment,,"[10.543289737000123, 57.919285982000474, 83.06330506900031, 152.1433103340005, 225.68729436400008, 270.23933843800023, 337.88731383600043, 426.9033269770007, 576.5833336140004]",coarse_fine,e152009
6.3.9,segment,,"[14.287667264999982, 55.99965901499945, 202.01572070299972, 285.5677253369995, 324.6956988839993, 417.79973888099994, 525.6477545260004, 670.4557784459994]",coarse_fine,e152009
3.1.3,segment,,"[19.064885904999755, 67.62487517599948, 114.0888822020006, 173.36090542400052, 343.44891393800026, 413.13690231500004, 459.87292420499944, 565.0089677420001]",coarse_fine,e152009
2.4.1,segment,,"[89.71124418799991, 196.831260596, 241.24725927799955, 329.8792946479989, 358.2952721319998, 405.54327871999885, 534.0073207459991, 579.5913026149992, 627.8713215690004]",coarse_fine,e152009
1.2.3,segment,"[153.00586951900004, 385.1659076189999]",,coarse_fine,e152010
6.3.9,segment,"[83.31246840099993, 306.3364838010002, 669.1845416529995]",,coarse_fine,e152010
3.1.3,segment,[439.83842114100025],,coarse_fine,e152010
2.4.1,segment,"[138.16775552699983, 399.3598448069997]",,coarse_fine,e152010
1.2.3,segment,,"[25.06059632400047, 69.88457142900006, 301.13264463999985, 384.2046382839999]",coarse_fine,e152010
6.3.9,segment,,"[55.98521650800012, 227.94526809800027, 459.3292902610001, 609.5373037170002]",coarse_fine,e152010
3.1.3,segment,,"[43.92200511499959, 450.4660607219994, 569.3620535929995]",coarse_fine,e152010
2.4.1,segment,,"[32.89747864700075, 597.0095769309992]",coarse_fine,e152010
1.2.3,segment,,"[3.254331969001214, 81.76632364100078, 83.2463321030009, 162.96634922299927, 163.47033458000078, 230.4623447820013, 235.33437686099933, 269.27038902799904, 285.63837538000007, 300.82238480999877, 321.11837622000166, 332.6303976050003, 349.54240291300084, 377.3984109010016, 399.3504070810013, 426.3823839969991, 450.5184019929984, 504.91839121299927, 529.9103981789995, 576.3344071350002]",fine_coarse,e152011
6.3.9,segment,,"[2.314877033000812, 14.44292010999925, 16.802907761000824, 523.026975326, 528.5949721100005, 670.1629877270025]",fine_coarse,e152011
3.1.3,segment,,"[32.87022420300127, 70.90223896600219, 80.82222873900173, 167.9742394269997, 171.60625134099973, 334.59824257700166, 345.7582580550006, 410.31026802199995, 418.5662822150007, 456.7102527070019, 466.01428476, 571.598294524003, 574.6063011110018, 583.758280762002]",fine_coarse,e152011
2.4.1,segment,,"[3.530568342001061, 11.146570322001935, 13.074599922001653, 216.09061079200183, 227.0825945280012, 324.1145974610008, 349.5386118790011, 400.3146180020012, 403.5306508100002, 531.6186360629981, 537.3626372079998, 576.0666474659993, 581.0346673280037, 624.9626307350009, 635.3066567050009, 642.1626463329994]",fine_coarse,e152011
1.2.3,segment,"[5.169234597000468, 80.90521399000136, 82.29721939100273, 152.09723093199864, 155.7292471460023, 580.2412847790038]",,fine_coarse,e152011
6.3.9,segment,"[11.94514878300106, 296.5371884220003, 297.00118986500456, 527.6492011480004, 530.7932555480002, 670.313226940998]",,fine_coarse,e152011
3.1.3,segment,"[7.030721996998182, 21.48671171800379, 22.694713055003376, 575.7267591240015]",,fine_coarse,e152011
2.4.1,segment,"[12.465734328005055, 335.9617918030053, 359.4817428250026, 626.7857916050052]",,fine_coarse,e152011
1.2.3,segment,,"[9.448665463001817, 59.89669501000026, 81.42469821199484, 90.08876020999742, 129.96071673599363, 161.8967024799931, 237.26470698000048, 270.00071929999103, 300.928725071004, 333.5527058729931, 378.08871308900416, 427.27271890199336, 505.2647598909971, 577.0647533900046]",fine_coarse,e152013
6.3.9,segment,,"[-8.070874451004784, 56.30516953099868, 203.7611517119949, 271.6891648210003, 320.1932270709949, 442.6654074329999, 527.4251889739971, 617.1851894329884, 661.377189501989, 676.3292100729886]",fine_coarse,e152013
3.1.3,segment,,"[19.56498182800715, 67.15697881800588, 128.82900001799862, 148.04499171600037, 209.5890299770108, 252.757001941005, 323.30899979700916, 374.5090323280019, 406.26125886700174, 449.04504618801, 508.22902759299905, 564.0770319130097]",fine_coarse,e152013
2.4.1,segment,,"[8.826936048004427, 77.68285915401066, 530.0509243429988, 636.554931532999, 640.6829327060113]",fine_coarse,e152013
1.2.3,segment,"[80.73927306800033, 143.53128528200614, 273.37928184701013, 334.9713096910127, 429.01929948700126, 578.3873136110051]",,fine_coarse,e152013
6.3.9,segment,"[273.7605162039981, 417.3285022420023, 531.5125451990025, 668.4805355870049]",,fine_coarse,e152013
3.1.3,segment,"[20.273618617997272, 79.36962630099151, 151.76963273099682, 352.77764706699236, 416.1536674499948, 462.92167865300144]",,fine_coarse,e152013
2.4.1,segment,"[175.33744559099432, 331.30546346399933, 401.2574735139933, 625.6015092409943]",,fine_coarse,e152013
1.2.3,segment,"[57.669840276998, 81.51785120900604, 151.8858441420016, 275.7178547680087, 339.5018914500106, 441.39788360100647, 576.8619235240039]",,coarse_fine,e152014
6.3.9,segment,"[282.6062051320041, 303.0382134160027, 442.48621021000145, 526.8542314310034, 670.9022617770097]",,coarse_fine,e152014
3.1.3,segment,"[69.7563685310015, 170.71636957400187, 343.0763525469956, 415.2203888780059, 460.67637360599474, 570.1163909050083]",,coarse_fine,e152014
2.4.1,segment,"[223.72612999900593, 333.2781553399982, 358.7581830830022, 401.51017060200684, 531.9101804319944, 579.8541928839986, 627.8621957599971]",,coarse_fine,e152014
1.2.3,segment,,"[58.217982568006846, 81.03399860499485, 88.68998052600364, 92.35399272400537, 146.32198668499768, 225.89802061200317, 271.1860017449944, 303.2100162190036, 337.0340331890038, 379.322041396008, 427.81802246399457, 506.13005907900515, 577.1700499370054]",coarse_fine,e152014
6.3.9,segment,,"[54.06606079199992, 201.95405523199588, 271.30606391699985, 301.1940658599924, 356.6740850799979, 415.61808692298655, 525.978121490989, 604.2501092029997, 662.1061177789961, 668.7301174619934]",coarse_fine,e152014
3.1.3,segment,,"[21.046328598997206, 28.366329604003113, 69.29433911699743, 79.99833628100168, 131.44631760800257, 153.63832815000205, 185.36635763800587, 329.3663773879962, 351.1183789600036, 408.1423849529965, 434.2783639450063, 455.81438586600416, 476.2703754450049, 566.1423945819988, 581.158399959997]",coarse_fine,e152014
2.4.1,segment,,"[10.442563689997769, 78.65860211200197, 216.20261857799778, 329.85062007298984, 345.6666297699994, 358.20261455498985, 400.35462103599275, 531.0666568059969, 581.1946477570018, 627.282671886991, 640.1146575110033]",coarse_fine,e152014
1.2.3,segment,"[-2.4762012700011837, 130.08381142000144, 157.9878435799983, 269.2198638990012, 434.48386078600015, 507.4358817540051, 578.1958756810054]",,coarse_fine,e152016
6.3.9,segment,"[-0.2621688979997998, 280.6578510840045]",,coarse_fine,e152016
3.1.3,segment,"[-4.41838319299859, -0.9063904020003974, 170.59764204300154, 522.1416740339992]",,coarse_fine,e152016
2.4.1,segment,"[-5.777044214999478, 79.50296391099982, 395.61499126100534]",,coarse_fine,e152016
1.2.3,segment,,"[-4.523864242000855, -1.2518334560008952, 81.67613336000068, 154.96416023799975, 271.2841459810006, 336.97218051600066, 383.60417154700554, 429.3161918440019, 507.3801753730004]",coarse_fine,e152016
6.3.9,segment,,"[-8.31974247800099, -4.335748063997016, 53.04024135500367, 271.69626993499696, 280.40827214399906, 417.46429515699856, 445.4243039339999, 520.1283040929993, 522.512327108001, 652.2803135680006, 668.0883877710003]",coarse_fine,e152016
3.1.3,segment,,"[-6.878302217002783, -3.3263175250031054, -1.6783179089979967, 18.473661087002256, 171.55370979299914, 278.57772022599966, 387.16971486200055, 494.30573552799615, 549.2497386159957, 549.8577410849975, 560.4737526230019, 580.0897471069984]",coarse_fine,e152016
2.4.1,segment,,"[-8.241674732002139, -8.025678773003165, -5.601686000001791, 21.078303349000635, 72.20630907199666, 78.61432806999801, 193.33434139900055, 238.84632638599578, 314.43835871199553, 422.398341727996, 422.6464144459969, 619.6223687460006, 645.8063935819955]",coarse_fine,e152016
1.2.3,segment,,"[4.334023320989218, 56.89404967999144, 80.9340617179987, 151.93406445599976, 270.6060798089893, 300.9020936820016, 336.3500803929928, 379.83808741599205, 427.3580905540002, 505.9421157649922, 577.5581344980019]",fine_coarse,e152017
6.3.9,segment,,"[7.095175948998076, 55.775184429003275, 58.023173057998065, 281.6151863230043, 316.22323790700466, 437.7272169869975, 527.2232847639971, 634.4552696190076, 668.0712537170039, 676.2472465280007]",fine_coarse,e152017
3.1.3,segment,,"[21.623881621999317, 28.20788880699547, 68.15994542499539, 79.79187586100306, 167.9919043760019, 260.1759216770006, 337.0399273630028, 351.20793398699607, 376.4159389080014, 410.99993989600625, 457.08793569800036, 564.5599590339989, 585.2079485620052]",fine_coarse,e152017
2.4.1,segment,,"[6.7385831760038855, 10.050556593996589, 176.7065877260029, 217.31458789900353, 239.10660379599722, 314.7705988300004, 400.45866645000933, 577.3947008260002, 625.4266321290052, 640.1626583830075, 642.6586434430064]",fine_coarse,e152017
1.2.3,segment,"[5.661110044005909, 57.237098017008975, 80.13311026399606, 154.90111855600844, 579.941173211002, 585.0851663630019]",,fine_coarse,e152017
6.3.9,segment,"[9.417011580997496, 302.7050502380007, 526.2730756679957, 673.0811166450003, 674.5530989020044]",,fine_coarse,e152017
3.1.3,segment,"[4.783502537000459, 21.19951027999923, 583.831577777004, 584.9756039350032]",,fine_coarse,e152017
2.4.1,segment,"[6.324745168996742, 316.28473177499836, 401.5407417999959, 628.5727974390029, 642.5007818750018]",,fine_coarse,e152017
1.2.3,segment,"[82.12493734298914, 153.14092150398938, 275.2209585739911, 341.1409391530033, 460.1089543179987, 577.5729762059927]",,coarse_fine,e152018
6.3.9,segment,"[283.0457126389956, 438.30971474600665, 531.3737287020049, 672.4297629549983]",,coarse_fine,e152018
3.1.3,segment,"[77.30620821600314, 335.53026884500287, 471.8662620870018, 574.7782590230054]",,coarse_fine,e152018
2.4.1,segment,"[212.80651176300307, 405.1105444440036, 533.6225802319968]",,coarse_fine,e152018
1.2.3,segment,,"[-6.961160727994866, -1.3931568150001112, 60.902826086996356, 81.39082043200324, 149.55883904000802, 160.51085950499692, 230.79884056899755, 285.8468718160002, 301.9348936620081, 322.6068740699993, 336.75088235699513, 350.66286716700415, 379.56685989499965, 399.5188896339969, 429.1348761910049, 451.6068843319954, 506.5828972970048, 576.7748989399988]",coarse_fine,e152018
6.3.9,segment,,"[278.75874711999495, 426.9667415970034, 541.3907585150009, 667.8147948190017]",coarse_fine,e152018
3.1.3,segment,,"[65.17834890900122, 158.28225144400494, 334.87431369199476, 453.48232088799705, 569.5463257529918]",coarse_fine,e152018
2.4.1,segment,,"[87.96791645699705, 215.28790233799373, 323.9279395439953, 398.84794741099176, 530.5359624839912, 625.279984074994]",coarse_fine,e152018
1.2.3,segment,,"[91.7730913790001, 229.46113332999812, 283.48508937800216, 292.2451171549983, 318.69309878499917, 434.66910406199895]",fine_coarse,e152021
6.3.9,segment,,"[21.146054777993413, 62.162055314998724, 120.94603679499414, 188.88205444199411, 239.42606208899815, 279.7700746769988, 300.13808238899946, 327.586077037995, 364.6660678329936, 373.24207162999664, 373.5620698929997, 482.05007453099824, 596.4581216599981, 667.0421393500001]",fine_coarse,e152021
3.1.3,segment,,"[18.51625594300276, 28.124314660999516, 69.00426433000393, 441.14033503200335, 497.01234292799927]",fine_coarse,e152021
2.4.1,segment,,"[24.90167472900066, 103.36570914299955, 191.21369828200113, 212.4777009669997, 346.40572003499983, 533.0777553660009, 547.8937659690055]",fine_coarse,e152021
1.2.3,segment,"[161.86708118399838, 531.7471132849969]",,fine_coarse,e152021
6.3.9,segment,"[280.26958025099884, 328.2375587429997, 538.877603162, 657.8695980549965, 668.485619471001]",,fine_coarse,e152021
3.1.3,segment,"[249.48724872599996, 441.71130059799907]",,fine_coarse,e152021
2.4.1,segment,"[253.4429847739957, 596.5310386489946]",,fine_coarse,e152021
1.2.3,segment,"[83.53594365100435, 152.3679606180085, 582.2240086940001]",,coarse_fine,e152022
6.3.9,segment,"[13.546933715988416, 282.4989773540001, 528.8030183709925, 672.7230204059888]",,coarse_fine,e152022
3.1.3,segment,[580.1657338180084],,coarse_fine,e152022
2.4.1,segment,"[6.683239414996933, 637.6273129119945]",,coarse_fine,e152022
1.2.3,segment,,"[81.51604175999819, 151.9000260920002, 274.8520296279894, 337.1561144969892, 352.17207981599495, 426.548060340996, 441.57207095299964, 580.2840680669906]",coarse_fine,e152022
6.3.9,segment,,"[11.691856798992376, 53.45983336199424, 202.08385510899825, 272.37987847300246, 280.94788258499466, 304.0038947370049, 437.2678903890046, 525.5079199989996, 670.6039382119925]",coarse_fine,e152022
3.1.3,segment,,"[20.346812082992983, 68.54685744800372, 171.26683216300444, 342.97084672500205, 385.2428667990025, 462.1628973350016, 574.0269194709981]",coarse_fine,e152022
2.4.1,segment,,"[7.048218395008007, 90.92024410801241, 223.5522848140099, 332.7042803910008, 358.57629501201154, 401.20028445200296, 579.7523249620135, 635.0403445740085, 640.6163151660003]",coarse_fine,e152022
1.2.3,segment,,"[57.71102971400251, 81.07901432800281, 152.27902878601162, 279.3590614140121, 338.43104962100915, 440.9430476710113, 580.1431009940134]",fine_coarse,e152023
6.3.9,segment,,"[289.0534541199886, 302.8934403149906, 437.50946075399406, 526.1894641739927, 634.093536342989, 676.349462809987]",fine_coarse,e152023
3.1.3,segment,,"[20.689836115998332, 30.48982650200196, 70.22586500699981, 178.0258588430006, 343.0898973239964, 415.20191428399994, 460.52188523199584, 567.5859228329937, 580.689911983005]",fine_coarse,e152023
2.4.1,segment,,"[10.357090685007279, 78.85309257300105, 195.5571184529981, 240.56512360200577, 317.6531223360071, 358.3491173150105, 401.06916493200697, 539.9491553490079, 576.7651947140112, 625.6131841340102, 640.221186588009]",fine_coarse,e152023
1.2.3,segment,"[81.5935841879982, 152.52946973899088, 580.7055080510036]",,fine_coarse,e152023
6.3.9,segment,"[281.4220099230006, 304.57398921099957, 526.7020054610039, 671.5100738160108]",,fine_coarse,e152023
3.1.3,segment,"[21.398003426002106, 415.2540458250005, 463.69406696999795, 571.5820703509962]",,fine_coarse,e152023
2.4.1,segment,"[10.302370559991687, 223.8544022799906, 334.0144299639942, 360.1424245949893, 635.3424909939931, 641.4064906339918]",,fine_coarse,e152023
1.2.3,segment,"[81.49298814299982, 152.28496867899958, 285.0290120869904, 341.3969975319924, 440.76500595400285, 578.7410505059961]",,coarse_fine,e152024
6.3.9,segment,"[280.8083404950012, 437.2563389650022, 525.2003624520003, 676.7364147679909]",,coarse_fine,e152024
3.1.3,segment,"[69.66671551299805, 170.62669911500416, 412.2667502359982, 463.482727701994, 571.018997399995]",,coarse_fine,e152024
2.4.1,segment,"[217.40998476999812, 359.81800574000226, 399.0820111659996, 591.1940260400006, 631.4580427079927]",,coarse_fine,e152024
1.2.3,segment,,"[56.80933896100032, 82.39335291599855, 91.17731163999997, 143.11334183398867, 149.28133432898903, 225.84133834399108, 269.70539292799367, 302.54535964899696, 337.92939370499516, 378.97736764900037, 427.4733903390006, 519.6493949339929, 578.2814084529964]",coarse_fine,e152024
6.3.9,segment,,"[54.757124950992875, 107.10914498400234, 201.26112826599274, 271.2291398630041, 314.317178169993, 440.0131961409934, 522.8451757230068, 637.8771975849959, 669.3491902259993]",coarse_fine,e152024
3.1.3,segment,,"[19.308837812990532, 29.892820334993303, 72.10882511499221, 171.59685640598764, 343.18085543299094, 415.34887577399786, 459.9408593900007, 584.3088942759932]",coarse_fine,e152024
2.4.1,segment,,"[77.71700028001214, 193.59704780300672, 241.42905709201295, 286.60505757801, 317.8050549150066, 338.71704466600204, 366.46103822501027, 404.933032113011, 533.1170619559998, 582.9011113990127]",coarse_fine,e152024
1.2.3,segment,,"[56.98133045001305, 80.80532468500314, 151.957358759013, 226.2053628860158, 274.86137687502196, 286.18938422200154, 305.1093641920015, 317.25340081800823, 333.7013746779994, 378.5653731850034, 401.37336240999866, 426.94135629801895, 440.90938172102324, 505.54138393801986, 576.3414379760216, 585.5734016260249]",fine_coarse,e152025
6.3.9,segment,,"[-2.0668077139998786, 16.429208090994507, 54.5731908629823, 274.31721980898874, 279.245215345989, 303.38120965799317, 437.4452369500068, 526.085249700991, 634.0132639609801, 669.2132658530027]",fine_coarse,e152025
3.1.3,segment,,"[20.903601405007066, 68.62363676700625, 170.3356151909975, 172.35962936800206, 342.5916190110147, 394.4156176310207, 418.9916566790198, 459.1596264230029, 572.9356687510153, 585.0636555590027]",fine_coarse,e152025
2.4.1,segment,,"[90.56597585900454, 194.16602035801043, 222.95000102801714, 331.97402450902155, 358.942031063023, 400.7820259600121, 530.6620695690217, 577.758056339022, 633.8940442300227, 642.5340633630112]",fine_coarse,e152025
1.2.3,segment,"[-0.5539719480148051, 80.67004732700298, 152.6940081900102, 275.4380452350015, 440.6140556600003, 579.8220883829927]",,fine_coarse,e152025
6.3.9,segment,"[274.4997417209961, 303.41970470300294, 437.059739371005, 526.1237332449818, 668.8677952809958]",,fine_coarse,e152025
3.1.3,segment,"[-1.3104134259920102, 20.665577423002105, 393.0656192340248, 573.2576393960044, 584.4576380720246]",,fine_coarse,e152025
2.4.1,segment,"[223.51871939998819, 333.79074091199436, 399.47073618898867, 635.0467438909982, 642.5587646130007]",,fine_coarse,e152025
1.2.3,segment,,"[3.7883916049995605, 9.140351494999777, 61.46038827099983, 84.51635160200021, 95.36440342599963, 130.9803772289997, 143.2683983099996, 152.14838020499883, 158.48440924399983, 228.03639597799884, 272.1564043260005, 279.5244311739989, 289.2363998439996, 308.1163888789997, 353.7724150639988, 378.86843754599977, 401.64440211500005, 426.7324285960003, 441.2844203900004, 457.58844629399937, 507.6764502749993, 533.2124438329993, 576.8204350079995, 583.7164443349993]",fine_coarse,e152026
6.3.9,segment,,"[7.121685707001234, 16.217694495000615, 20.129706340001576, 27.513697108000997, 57.76172539300023, 68.76971086000049, 203.07370909700148, 271.31375401400146, 286.41775256800065, 321.83372612200037, 368.33775577100096, 441.89776574400094, 525.817765586, 543.0017759310012, 605.337781305001, 636.9057963890009, 668.3298018110017]",fine_coarse,e152026
3.1.3,segment,,"[3.61204293999981, 8.900019496999448, 17.1080497439998, 28.028027013999235, 68.41200946499885, 77.48401608200038, 87.81205441299971, 130.96402818299975, 154.060095928, 172.74006806299985, 192.7400659269988, 225.8363341610002, 263.72404188899964, 326.32406237800024, 351.5000772889998, 397.3800508259992, 437.11606292800025, 451.5401005399999, 480.1081181560003, 569.0201157449992, 579.5480939230001]",fine_coarse,e152026
2.4.1,segment,,"[7.50139909200152, 15.733396472000095, 78.68540127500091, 92.13339816000007, 194.69340182500127, 219.66941635000148, 239.60542101200008, 282.4054290870008, 313.5734447400009, 362.0134558720001, 400.5094313110003, 530.4854486390013, 576.4134539160004, 625.9414809750015, 632.9014957980016]",fine_coarse,e152026
1.2.3,segment,"[4.150877758000206, 91.61485733700101, 153.45487629000127, 270.790886494, 352.9269099330013, 457.0789267630007, 582.2309498890008]",,fine_coarse,e152026
6.3.9,segment,"[15.095164258000295, 286.4152085280002, 325.9352140780011, 438.39122271400083, 523.5672367650004, 574.3352569650015, 673.0232502990002, 677.7272650209998]",,fine_coarse,e152026
3.1.3,segment,"[20.54137681499924, 172.47738959900016, 337.7813967589991, 567.6454184260001]",,fine_coarse,e152026
2.4.1,segment,"[14.372121229000186, 193.9401204980004, 224.63616199900025, 315.956140409, 357.37216291500044, 533.6121652189995, 577.5322041689997]",,fine_coarse,e152026
1.2.3,segment,"[82.39736700699996, 154.57340819, 270.18940390600073, 341.65337941800044, 445.18941788100074]",,coarse_fine,e152028
6.3.9,segment,"[283.1045430719996, 324.79252558400003, 418.8005423860004, 543.9285820149998]",,coarse_fine,e152028
3.1.3,segment,"[21.935960685999817, 170.33597885000017, 254.16797709799994, 343.0479730369998, 460.5119844109995]",,coarse_fine,e152028
2.4.1,segment,"[197.84971041600056, 283.16974326499985, 361.2577315770004, 405.1697992039999, 581.1217735549999]",,coarse_fine,e152028
1.2.3,segment,,"[58.62924948699947, 145.19727236399922, 273.79729196399967, 339.59730752699943, 441.3573280539995, 578.5333368689999]",coarse_fine,e152028
6.3.9,segment,,"[271.1844028199994, 284.824463971001, 420.8644454740006, 444.84842778799975, 562.8004783640008, 637.456455861]",coarse_fine,e152028
3.1.3,segment,,"[68.95383846799996, 168.84982678800043, 261.3218480710002, 350.36186481200093, 415.6978594659995, 476.1699011319997, 566.8578889370001]",coarse_fine,e152028
2.4.1,segment,,"[196.38661007299925, 285.21059134200004, 361.1065778840002, 531.8266021179988, 591.7866199149994, 639.5866362180004]",coarse_fine,e152028
1.2.3,segment,"[-1.2379000890000498, 82.33010061699997, 233.17015782800013, 276.82615657099996, 355.14613094499987, 445.51415499400014, 447.202179527]",,coarse_fine,e152030
6.3.9,segment,"[13.386015864, 275.5700639069996, 313.2900801579999, 419.2500657989999, 451.65807295099967, 543.1780994039996, 543.7060697389998, 619.722110105]",,coarse_fine,e152030
3.1.3,segment,"[36.93249811099986, 69.62848169100016, 98.66850529500016, 167.25250528200013, 177.18048991599971, 332.18851477, 433.31654495099974, 580.108547197]",,coarse_fine,e152030
2.4.1,segment,"[-5.845716108000033, -0.1896902680000494, 17.922303519999787, 176.3863155199997, 233.83434431399974, 298.94635724399996, 364.6743544870001, 539.530394765]",,coarse_fine,e152030
1.2.3,segment,,"[9.10309389000031, 81.00709732999985, 168.03114837300018, 270.35910654300005, 368.5991296299999, 433.42316143300013, 516.5031604639998]",coarse_fine,e152030
6.3.9,segment,,"[-7.196718569999575, -3.6767412250001144, -1.0206864149995454, 15.067251315000249, 66.60328961899995, 190.08329950000007, 237.85125860900007, 283.819311104, 325.3953125550006, 362.4832992649999, 421.6353638340006, 540.6753479240006, 664.6353281460006]",coarse_fine,e152030
3.1.3,segment,,"[-3.71356867600025, 0.038411194999753207, 31.774432082000203, 73.26242355199975, 131.37445320799998, 164.9344422309996, 280.1024696499999, 332.4624772779998, 364.5584722960002, 432.8784575889995, 461.8944709850002, 530.1824849799996, 573.7905159459997]",coarse_fine,e152030
2.4.1,segment,,"[-0.7798055769999337, 8.748175384000206, 81.24420298299992, 200.964184896, 242.21224800900018, 318.8522647890004, 335.7882498600002, 370.7882275810007, 422.9562686090003, 541.9722595250005, 587.0122635460002]",coarse_fine,e152030
1.2.3,segment,,"[80.84553265999966, 152.74155040099959, 225.54953798499992, 270.10155695699996, 338.09354066299966, 434.8215656459997, 580.5335960259999]",fine_coarse,e152031
6.3.9,segment,,"[286.5496198360006, 423.95772775600017, 526.2856260380004, 629.0536588710002, 671.9096801240003]",fine_coarse,e152031
3.1.3,segment,,"[168.62063444400064, 336.4046387160006, 415.3006709500005, 456.156654077, 566.7726797230007, 585.9566894290001]",fine_coarse,e152031
2.4.1,segment,,"[9.959662027000377, 349.1276228679999, 399.6557850099998, 580.9596468959999, 627.0236614989999]",fine_coarse,e152031
1.2.3,segment,"[81.95238858199991, 154.3284285059999, 580.5124533219996]",,fine_coarse,e152031
6.3.9,segment,"[279.3703881830006, 526.3223881969998, 669.2584112569994, 669.3864081189995]",,fine_coarse,e152031
3.1.3,segment,"[20.37627292199977, 389.4083201230005, 574.0483460830001]",,fine_coarse,e152031
2.4.1,segment,"[329.5745158789996, 404.1025570139991, 626.5665933729997]",,fine_coarse,e152031
1.2.3,segment,"[91.25884847500038, 283.28287402000024]",,coarse_fine,e152032
6.3.9,segment,"[211.47924550300013, 232.7352575039995, 259.2712693549993, 289.7512603790001, 374.2792761319997, 464.3112769239997, 656.623303798]",,coarse_fine,e152032
3.1.3,segment,,,coarse_fine,e152032
2.4.1,segment,"[115.12768497099933, 588.4957688600007]",,coarse_fine,e152032
1.2.3,segment,,"[58.3061116480003, 92.35413144000086, 152.4501468310009, 285.37814301400067]",coarse_fine,e152032
6.3.9,segment,,"[211.7294244120003, 418.31345071299984, 630.1615485950006, 669.0334639079992]",coarse_fine,e152032
3.1.3,segment,,[71.62118719600039],coarse_fine,e152032
2.4.1,segment,,"[290.8532688640007, 357.70928406700114, 587.6932852999998]",coarse_fine,e152032
1.2.3,segment,,"[81.66089825200015, 152.02088871700016, 269.92489311500003, 347.0769100309999, 442.1329113349998, 580.2929396949999]",fine_coarse,e152033
6.3.9,segment,,"[281.29256482599976, 416.71661078000034, 526.316601175, 634.0845978389998, 670.6446115899998]",fine_coarse,e152033
3.1.3,segment,,"[170.13001238000015, 341.250022874, 413.56202778700026, 459.66606790400056, 568.3060710899999]",fine_coarse,e152033
2.4.1,segment,,"[223.154534282, 332.0185526089999, 401.43457777099957, 531.9785962149999, 577.7465969409996]",fine_coarse,e152033
1.2.3,segment,"[81.63483939999969, 151.89085279600022, 580.7949536850001]",,fine_coarse,e152033
6.3.9,segment,"[280.3390522999998, 437.27505091199964, 671.3391180629997]",,fine_coarse,e152033
3.1.3,segment,"[418.9792473949992, 582.475277863]",,fine_coarse,e152033
2.4.1,segment,"[332.1366235080004, 634.8246563829998]",,fine_coarse,e152033
1.2.3,segment,"[6.3402899140000955, 57.94829933599999, 81.23629429900006, 152.572280912, 237.47632089199988, 278.388325873, 448.97236048699983, 582.220349985]",,coarse_fine,e152034
6.3.9,segment,"[282.8224923839998, 439.71053153799994, 526.4545342740003, 670.3585631330002]",,coarse_fine,e152034
3.1.3,segment,"[83.01746748400001, 172.52943969000034, 336.42543867600034, 415.1454642990002, 580.393490597]",,coarse_fine,e152034
2.4.1,segment,"[240.44714218499985, 333.50316583899985, 402.19918724900026, 535.1191803350002, 633.6952724189996, 645.2152174370003]",,coarse_fine,e152034
1.2.3,segment,,"[7.920710344000327, 75.6567165739998, 80.96871075099989, 92.34474923400012, 149.640736415, 162.24074347999976, 236.2567207259999, 279.3927610159999, 337.39278849899983, 447.0487696230002, 577.3367864270003]",coarse_fine,e152034
6.3.9,segment,,"[16.72767719100011, 274.52770918399983, 309.1677012250002, 436.0797345769997, 620.5837626330003, 676.063745462]",coarse_fine,e152034
3.1.3,segment,,"[21.13684683199972, 107.43285931399987, 170.24089646999983, 192.38485443799982, 327.13689685200006, 352.8328982060002, 415.000906022, 464.76115613599995, 577.5209326249997]",coarse_fine,e152034
2.4.1,segment,,"[10.23419492299945, 80.94622422300017, 223.442223817, 332.48225481400004, 358.498250525, 404.2502452230001, 533.1062738129995, 579.2662838870001, 635.930280697, 641.9623089899997]",coarse_fine,e152034
1.2.3,segment,,"[9.112462917997618, 80.71247124300135, 143.90449483999691, 275.4005286149986, 340.0325329190018, 441.39254206400074, 577.4965417409985, 584.8165408280038]",fine_coarse,e152035
6.3.9,segment,,"[16.576829441000882, 63.83285775099648, 204.20885304900003, 278.92085950099863, 419.03286172299704, 527.512882377996, 670.3528993299988, 675.4889117720013]",fine_coarse,e152035
3.1.3,segment,,"[21.21029296999768, 70.84229957899515, 134.44229268599884, 164.51431969799887, 342.6423235829934, 384.32231939899793, 460.45833886399487, 584.1063679679937]",fine_coarse,e152035
2.4.1,segment,,"[10.189799642001162, 86.013802321002, 222.91782539599808, 283.2138437850008, 332.19785574699927, 358.90983908400085, 531.5498684019985, 576.8858618500017, 633.2938917139982, 643.2698978219996]",fine_coarse,e152035
1.2.3,segment,"[153.09506563600007, 343.823113335995, 581.5431438539963]",,fine_coarse,e152035
6.3.9,segment,"[314.00736977299675, 437.75138781900023, 531.647387457997, 673.4314419250004]",,fine_coarse,e152035
3.1.3,segment,"[172.8698392380029, 352.1178736810034, 471.99787270500383, 580.253914961002]",,fine_coarse,e152035
2.4.1,segment,"[221.4337294249999, 402.64173634700273, 532.5537496559991, 581.7457778129974, 642.7457660310029]",,fine_coarse,e152035
1.2.3,segment,"[81.61719798500053, 145.0091959429992, 275.77722774299764, 339.577268953999, 429.9292635649981, 507.8012616199994, 581.025294051, 584.2492831499985]",,coarse_fine,e152036
6.3.9,segment,"[281.89991724500214, 437.2999340189999, 528.9079396520028, 668.8839564980008, 674.0919590370031]",,coarse_fine,e152036
3.1.3,segment,"[69.93714423300116, 170.48115868900277, 185.12113750700155, 342.697129608001, 384.29715621700234, 460.24919292900086, 511.7531749050031, 584.2091984010003]",,coarse_fine,e152036
2.4.1,segment,"[223.52030433599793, 330.20829754900114, 358.2643158239989, 400.96829023600003, 530.6963117859996, 578.7363354400004, 642.464349758]",,coarse_fine,e152036
1.2.3,segment,,"[56.88770266099891, 81.07971465299852, 143.61574286999894, 152.00775291299942, 275.0157405459977, 335.1677774109994, 379.51974454599986, 427.7357758729995, 507.74376398099776, 580.207793237998, 584.4077961599978]",coarse_fine,e152036
6.3.9,segment,,"[17.13318662600068, 274.2531958380023, 281.94919750400004, 423.0452426000011, 525.9172360400007, 620.8772708640026, 668.957275312001]",coarse_fine,e152036
3.1.3,segment,,"[22.216837556003156, 170.54485317500075, 189.11287726500086, 336.832859225, 391.6568701490032, 460.2008702330022, 553.0968848950033, 563.2969008090004, 584.1688629090022]",coarse_fine,e152036
2.4.1,segment,,"[78.59742354099944, 216.35744514800172, 332.08546251000007, 400.8774311140005, 531.501476884001, 576.4454873920004, 625.0294643050001]",coarse_fine,e152036
1.2.3,segment,"[56.80072541199479, 81.18475544499961, 152.8167232220003, 275.8167686550005, 441.8007999919937, 577.1848056210001]",,coarse_fine,e152037
6.3.9,segment,"[281.1177461309999, 304.1737248490026, 528.4857981199966]",,coarse_fine,e152037
3.1.3,segment,"[20.54094692000217, 71.09295523400215, 171.68498373900366, 342.73301131399785, 413.53301010299765, 471.47704836699995, 572.7971240039988]",,coarse_fine,e152037
2.4.1,segment,"[224.19716173600318, 332.2691640690027, 360.9251496900033, 402.47715197500656, 579.9811476960022]",,coarse_fine,e152037
1.2.3,segment,,"[56.7127604519992, 80.91277623100177, 93.31278919200122, 103.89680355100427, 143.08878194700083, 152.18480682800146, 225.04081688699807, 269.5847858769994, 284.92080039899884, 300.4008355890037, 321.5688218860014, 333.264836069, 352.25683522000327, 377.5608150890039, 401.2808416550033, 426.9608079940008, 440.82482513200375, 450.7688483649981, 457.0088459510007, 482.80884598300327, 505.4008147880013, 530.6008513089982, 553.6488275410011, 576.4968314430007, 580.9528410799976]",coarse_fine,e152037
6.3.9,segment,,"[12.223530701005075, 17.49556724500144, 54.53555370400136, 200.31954897999822, 270.5675986780043, 281.9915532150044, 303.0475792950019, 324.0075737369989, 360.7195820609995, 374.3036152630011, 414.7596070090003, 437.5276013190014, 457.8076219720024, 516.2316136510053, 526.3436068880037, 562.4316124969992, 629.287610696003, 666.0076090020011]",coarse_fine,e152037
3.1.3,segment,,"[6.15185668200138, 20.59185914000409, 28.167858924003667, 32.575869914006034, 72.63187018900499, 77.711891388004, 87.6878707270007, 95.59187148400088, 129.06389496300108, 164.15986739200162, 171.1999060550006, 180.00786892400356, 185.20790284400573, 193.1438964540066, 226.33587579600135, 252.79188687900023, 264.8719092290048, 324.8159227110009, 342.6239181800047, 350.55990432200633, 385.03197382800136, 414.9439325590065, 433.3839211980012, 460.3519324470035, 471.96794259600574, 513.6319364360024, 552.8239315820028, 567.6719219760053]",coarse_fine,e152037
2.4.1,segment,,"[11.305652600996837, 21.2896431199988, 77.52163675100019, 90.68164596099814, 94.60166435300198, 193.28965013499692, 210.5696498449979, 224.2256581949987, 241.0976457240031, 247.8176459949973, 282.95366483300313, 313.9856726319995, 332.58568294100405, 345.71368316200096, 358.44965620899893, 398.10567376400286, 408.217679966001, 459.0176644680032, 465.88169271399966, 502.3216934459997, 529.0257222099972, 537.3297166859993, 545.9456967779988, 557.7217135730025, 575.5936888619981, 580.7537240189995, 588.5776913880036, 623.9217180150008, 635.177727084003]",coarse_fine,e152037
1.2.3,segment,"[56.76447857000312, 80.86849017300119, 152.26849398099876, 279.788494997003, 336.66851711199706, 427.9565118850005, 585.3565279370014]",,coarse_fine,e152038
6.3.9,segment,"[288.48273559700465, 304.44275209800253, 437.45076189999963, 526.0907774959996, 672.5067796270014]",,coarse_fine,e152038
3.1.3,segment,"[21.578660089995537, 79.57066801399924, 172.1066598690013, 342.4347010700003, 417.53869863699947, 460.2347194920003, 572.9707311179955]",,coarse_fine,e152038
2.4.1,segment,"[223.37675498199678, 332.0087722440003, 358.4647527459965, 401.6007793499957, 535.1527652239965, 579.9688027509983, 635.184790157]",,coarse_fine,e152038
1.2.3,segment,,"[56.02896555500047, 80.8689607579945, 93.85293229699892, 144.07695491900085, 152.01294851800048, 225.14895838799566, 234.3809620269967, 269.56496084799437, 275.756968280999, 301.3731119639997, 335.51697484399483, 350.18097702399973, 379.81299603099615, 427.1890030009963, 447.6530008749978, 506.0690120479994, 529.7969892010005, 582.1969983620002]",coarse_fine,e152038
6.3.9,segment,,"[24.751086149000912, 54.28708229100448, 200.27110169400112, 270.3671053720027, 280.74311163599486, 301.7270904430043, 355.4391172100004, 373.6151294349984, 413.49512202899496, 437.11112815699016, 457.4871299399965, 494.2471485549904, 522.4391310619976, 535.7351302680036, 618.6151644710044, 663.0151632889902, 669.8391517529963]",coarse_fine,e152038
3.1.3,segment,,"[19.358679518991266, 28.542652149990317, 68.97468669299269, 79.8546678339917, 132.3506955319899, 132.4547004490014, 163.8866787779989, 189.82269657599682, 226.198707448988, 252.58270599099342, 342.7107005029975, 350.99871063799947, 384.3747092489939, 414.79873116700037, 461.3827173579921, 514.2627358280006, 523.9987259119953, 531.8387395149912, 566.2067293019936, 584.046749969988]",coarse_fine,e152038
2.4.1,segment,,"[9.181636530003743, 194.3816427920101, 223.18164921300195, 239.7096490450058, 285.9096701870003, 332.2536622100015, 357.91765729000326, 397.4376789300004, 409.03769376499986, 535.1176887150068, 541.3896889540047, 557.5817136289988, 579.1737111830007, 587.6298236820003, 593.3176980650023, 625.3657225120114, 635.2217264630017, 641.8617205190094]",coarse_fine,e152038
1.2.3,segment,,"[8.041699631000029, 59.00169526399986, 80.94571627000005, 86.09770216900006, 152.18569472399986, 155.3376988230002, 226.07374412399986, 236.06574819900015, 269.4817498890002, 285.42573115000005, 301.25772444999984, 324.72172932600006, 336.273732826, 353.8257215120002, 378.34574118, 401.657715671, 427.4337652019999, 444.9057808130001, 507.56978625600004, 533.0497669739998, 576.5137871659999]",fine_coarse,e152039
6.3.9,segment,,"[20.437585016000412, 71.39758997399986, 201.32558405700001, 202.08560214600038, 270.80561745900013, 284.6856230829999, 317.1175949160006, 317.8296132989999, 416.9176510369998, 441.8536396600002, 523.4456247030002, 553.3016310590001, 634.5896918030003, 635.6537291310005, 668.9576761050002]",fine_coarse,e152039
3.1.3,segment,,"[22.65538621200085, 28.151420625000355, 29.879403456000546, 65.3274068260007, 78.16742478800006, 170.27939314800005, 172.91941275200043, 342.97542511700067, 343.8954406270004, 414.90344177300085, 419.8794343060008, 462.1274403330008, 469.59147841700087, 572.5274894240001, 573.3594695840002, 583.2794793870007]",fine_coarse,e152039
2.4.1,segment,,"[13.64187246199981, 79.10586906599929, 91.96189556399986, 176.27390582499993, 221.08190412899967, 314.58589038599985, 334.497925658, 348.8579169129998, 361.7619147059995, 397.481976993, 405.03393826499996, 530.2419435509992, 583.8099444579993, 626.1939447509994]",fine_coarse,e152039
1.2.3,segment,"[7.243328714999734, 81.06736076200013, 83.95533496900043, 152.4993473679997, 153.89936667100028, 581.5074070070004]",,fine_coarse,e152039
6.3.9,segment,"[15.889595184000427, 279.52962412500074, 284.70565156200064, 529.1536440950003, 529.8416829500002, 677.0017151580005]",,fine_coarse,e152039
3.1.3,segment,"[8.338227131999702, 20.474256225000317, 428.7303308800001, 432.9303244599996, 564.8503221090004, 571.1383233200004]",,fine_coarse,e152039
2.4.1,segment,"[-8.226201739000317, 16.44579617099953, 201.60583001099985, 358.4938670219999, 415.39786911199917, 415.86186719000034, 623.877892180999]",,fine_coarse,e152039
1.2.3,segment,,"[56.990478620999966, 81.2304797910001, 93.73448465999991, 104.05449511499955, 142.91849993599953, 154.55854770400038, 225.27051375199972, 235.50253510699986, 269.78250076400036, 285.1904935829998, 288.67851547400005, 300.19051609599956, 333.62252855299994, 341.1185313119995, 372.4545172010003, 378.0145372549996, 430.5105434569996, 446.0945206440001, 505.74257075700007, 531.2545644319998, 576.3425684180002]",fine_coarse,e152040
6.3.9,segment,,"[20.80515322700012, 56.7331234229996, 78.10913205599991, 207.7091490619996, 276.3571535299998, 305.02117402099975, 325.1331668189996, 417.4851867159996, 445.3572080670001, 525.3811761279994, 634.66920682, 670.5812053969994]",fine_coarse,e152040
3.1.3,segment,,"[20.697008760000244, 69.17701527200006, 170.5850287580006, 193.2410272090001, 252.90505109600053, 324.56107203600004, 361.68908804700004, 377.6010673960009, 419.66505939700073, 459.68105671600006, 480.32105094600047, 524.969083641, 570.2970804590004]",fine_coarse,e152040
2.4.1,segment,,"[10.859733378999408, 89.24376237099932, 108.28373765299966, 122.78774741500001, 134.97177545499926, 152.58773128199937, 174.4037704579996, 290.45979400099986, 329.4197634819993, 338.0598306029997, 352.3557851129999, 363.275766277, 397.51578347899977, 415.0997904629994, 465.76379413199993, 530.915863061, 576.8438351339992, 644.499815743]",fine_coarse,e152040
1.2.3,segment,"[82.17815742099992, 153.9461668060003, 352.33019168699957, 584.4262491070003]",,fine_coarse,e152040
6.3.9,segment,"[14.329617624000093, 286.61764597300044, 288.06564584100033, 527.5616970809997, 670.1776907890007]",,fine_coarse,e152040
3.1.3,segment,"[30.695257187999232, 134.31924088300002, 187.87927394899998, 328.91927625099925, 391.6073195959998, 569.0553782259994]",,fine_coarse,e152040
2.4.1,segment,"[82.27738460699948, 196.069393365, 245.62939043000006, 333.885388480001, 362.16545172599945, 407.32544333999977, 626.1494544889993, 640.3174411550008]",,fine_coarse,e152040
1.2.3,segment,,"[56.71747496399985, 80.8375183950011, 226.03752692400303, 277.9095425790001, 301.77355475900185, 334.38153821800006, 377.93356032700103, 427.44554873800007, 453.82955254100307, 506.71755744500115, 584.4615877739998]",fine_coarse,e152041
6.3.9,segment,,"[86.65433408299941, 109.37433488800161, 271.53434411299895, 325.558383530999, 416.9823991660014, 523.4463830220011, 535.6704081110001, 668.0544132680006]",fine_coarse,e152041
3.1.3,segment,,"[20.415166479000618, 68.44714753200242, 152.31929937400128, 253.62319226199907, 327.4231805540003, 384.31922753800245, 414.9192266499995, 463.3352001300009, 579.5192524140002]",fine_coarse,e152041
2.4.1,segment,,"[197.69668752599682, 213.67266242199912, 318.58467630099767, 362.43272840899954, 405.0167131419985, 586.624739404997, 631.9287266539977]",fine_coarse,e152041
1.2.3,segment,"[81.62128330399719, 234.53332944000067, 275.94932115700067, 440.7813371739976, 576.797357039999]",,fine_coarse,e152041
6.3.9,segment,"[297.88922106099926, 322.28922153299936, 417.0252413620001, 616.7852576309997, 672.2572829349992]",,fine_coarse,e152041
3.1.3,segment,"[22.872255149999546, 172.60028765300012, 339.49630025700026, 415.9122952389989, 456.00832811799773]",,fine_coarse,e152041
2.4.1,segment,"[204.5104022029991, 318.24640221299705, 362.2464259469998, 399.5424102279976, 531.8624485589971, 626.7824342199965, 641.3985372529969]",,fine_coarse,e152041
1.2.3,segment,"[83.1887429389999, 150.64470599899983, 582.8607924499997]",,coarse_fine,e152042
6.3.9,segment,"[-8.554198666999582, 13.96581169000001, 318.9818565090004, 539.0378669290003, 674.1018716530002, 677.149866793]",,coarse_fine,e152042
3.1.3,segment,"[-6.409550027000023, -6.225549903000228, 5.342442317999939, 26.622467015999973, 582.12653533]",,coarse_fine,e152042
2.4.1,segment,"[-7.839649448000273, -7.655651260000013, -7.503651674000139, -7.375645173000066, -7.239653943000121, -7.095651019000343, -6.959679208000125, 25.768363749999935, 350.7843805759999, 641.4244317590001]",,coarse_fine,e152042
1.2.3,segment,,"[-6.84788239000045, 57.59212908599966, 84.86413619699943, 144.87214144599966, 280.2721287229997, 309.1521209399998, 340.560176639, 380.87217566100026, 430.336176367, 447.47214298699964, 520.0961843429995, 578.8162044379997]",coarse_fine,e152042
6.3.9,segment,,"[-10.31697757100028, 87.24306692800019, 300.5390568869998, 329.11507113100015, 461.47508904999995, 527.1470763360003, 566.9791281790003, 633.3071448179999, 678.2591445919998]",coarse_fine,e152042
3.1.3,segment,,"[-6.730915296000603, -6.482922940000208, 21.925097008000193, 71.2450842319995, 134.58908643199993, 193.6371102109997, 229.62914291000016, 267.82109156000024, 343.77313041900015, 427.621159886, 458.25311150200014, 504.637149012, 573.2531470829999, 582.3171489079996]",coarse_fine,e152042
2.4.1,segment,,"[-5.618751457000144, 86.90126630199939, 114.26924760899965, 196.5652421879995, 240.65323664699918, 313.0372473539992, 337.81329211499997, 361.06928257399977, 409.27728510699944, 534.4452985419994, 577.6213869139992, 637.8773264459996]",coarse_fine,e152042
1.2.3,segment,,"[62.62927762400068, 81.8613175069986, 94.54925941299734, 153.34931865399994, 235.7012844839992, 286.4932947699999, 352.59732599499694, 402.0213274369962, 457.109350627994, 584.9733751899985]",fine_coarse,e152044
6.3.9,segment,,"[20.651392911000585, 313.58741697799996, 440.81146566700045, 526.4274713100021, 671.8354947639964]",fine_coarse,e152044
3.1.3,segment,,"[71.83520445099566, 171.99522789500043, 347.49124672099424, 472.0112558949986, 575.7792457369942, 584.1312496879982]",fine_coarse,e152044
2.4.1,segment,,"[20.54686424299871, 244.7389203060011, 349.8349262060001, 361.7549151209969, 407.0909295140009, 582.7549697779978, 638.8029499309996]",fine_coarse,e152044
1.2.3,segment,"[13.127867868999601, 94.91189163400122, 158.7838779609956, 289.9679040150004, 353.8238903849997]",,fine_coarse,e152044
6.3.9,segment,"[16.825351689003583, 282.51337241400324, 529.3213918740003, 672.3854018390048]",,fine_coarse,e152044
3.1.3,segment,"[8.98071032900043, 81.42073127600452, 173.80475678700168, 347.3967607080049, 432.12479149400315, 483.1247868450009, 584.1488125130054]",,fine_coarse,e152044
2.4.1,segment,"[15.63624100600282, 248.52426522400492, 361.3883079840016, 406.08428444800666, 641.6043267630012]",,fine_coarse,e152044
1.2.3,segment,"[-2.475532526999814, 54.79648622700006, 80.2764709560015, 151.7085165410008, 273.7804986530009, 303.7005320520002, 335.97251368900106, 427.70050379400163, 577.0525224380017, 584.4365500399999]",,coarse_fine,e152045
6.3.9,segment,"[280.36486941600015, 305.14089433900153, 429.54091244600204, 524.3968913310018, 669.4369409560022]",,coarse_fine,e152045
3.1.3,segment,"[24.89375630699942, 76.54976555599933, 170.41376134600068, 343.0618005319993, 414.997808909, 459.62979085999905, 569.861854155999]",,coarse_fine,e152045
2.4.1,segment,"[223.13682765499834, 332.1288307850009, 360.2168588029999, 401.8648536699984, 532.6728946299991, 632.0808812569994]",,coarse_fine,e152045
1.2.3,segment,,"[59.808928954000294, 82.01691825200032, 152.58491677300117, 226.2489329710006, 270.04093677700075, 285.80096187899835, 302.00894835299914, 335.45693786799893, 378.3529605600015, 427.42502010799944, 450.8249944240015, 506.7449972680006, 576.4970023269998]",coarse_fine,e152045
6.3.9,segment,,"[57.76821300099982, 203.6882068770028, 270.60024315400005, 282.52820534700004, 304.0242085110003, 418.10427033700034, 438.02426297700003, 526.5282351349997, 634.2562636500006, 669.6242717099994]",coarse_fine,e152045
3.1.3,segment,,"[20.791891034998116, 68.63188910899771, 170.59191360600016, 336.90394595700127, 419.3439437470006, 453.2239606820003, 514.447962500999, 566.7439772479993, 581.8239901909983]",coarse_fine,e152045
2.4.1,segment,,"[81.74489992600138, 81.92891509499896, 210.69692787999884, 239.50494715899913, 313.82492939299846, 332.1609854720009, 358.6649622570003, 402.48895702200025, 531.6809763509991, 576.1449655559991, 625.9049610180009, 642.6330044640017, 642.7769860109984]",coarse_fine,e152045
1.2.3,segment,,"[-2.4283945829956792, 8.235614642006112, 56.76359211300587, 80.72372121200169, 93.29162911200547, 103.46761799700471, 142.98761475900392, 151.36364395700366, 159.45161938900128, 273.3076075200006, 288.883647434006, 301.5476291590021, 324.84365999600413, 333.7876565250044, 378.20366501800163, 427.34765717300616, 449.91565282100055, 505.91566194400366, 530.8996742599993, 584.1236491680029]",fine_coarse,e152046
6.3.9,segment,,"[12.684773547996883, 16.532794918995933, 26.428838354993786, 274.1408014089975, 281.46080978700047, 304.0848158539957, 355.64483942999505, 417.0608308709998, 525.9088513280003, 530.8528190879952, 536.3088544939965, 635.2528429469967, 668.9408826769941]",fine_coarse,e152046
3.1.3,segment,,"[6.341523041002802, 10.733533306003665, 20.693508320000547, 28.54154729700531, 69.22152206399915, 79.23752086400054, 100.8295295900025, 136.47754766399885, 170.25354092199996, 181.76555580900458, 207.75755734700215, 254.7335698060051, 352.4615792370023, 375.90156198200566, 386.3895696930049, 406.89356206900266, 433.0615980060029, 453.469587986001, 467.3095554570027, 479.24557047000417, 510.5335940940058, 553.3256214700014, 573.5815874600012, 584.2135914310056]",fine_coarse,e152046
2.4.1,segment,,"[7.990733739999996, 14.71075686399854, 24.094774008997774, 79.91078753300098, 90.89474481799698, 190.31076659799874, 197.03079160400375, 242.19083226200019, 284.92677031199855, 332.3268065660013, 357.55078804500226, 415.55079706299875, 533.3669689750022, 537.1908111169978, 542.5508209969994, 584.8868282600015, 625.9188215239992, 640.1908384530034, 642.6468284319999]",fine_coarse,e152046
1.2.3,segment,"[3.721856759999355, 83.44187122199946, 152.84987245200318, 277.66588348700316, 442.24189684799785, 580.5219042550016]",,fine_coarse,e152046
6.3.9,segment,"[4.029907925003499, 26.2299059950019, 278.93394903199805, 315.5499293269968, 440.0540455570008, 526.0219719000015, 640.109966723001, 670.7019993779977, 673.9020007910003]",,fine_coarse,e152046
3.1.3,segment,"[8.5236041820026, 181.97960219700326, 476.0116424299995, 583.2836487059976]",,fine_coarse,e152046
2.4.1,segment,"[17.44963660099893, 315.74569401700137, 361.6176688530031, 532.3617042289989, 634.0817092409998, 642.1937293369992]",,fine_coarse,e152046
1.2.3,segment,"[58.050115560996346, 81.10615420899558, 145.1941336979944, 166.2421608079967, 233.81815215000097, 272.2101502689984, 287.1061860109985, 304.57018151199736, 320.3541672430001, 335.30616056399595, 348.6821785389984, 379.0341885739981, 430.1381946959955, 450.94618955699843, 508.31418276399927, 579.170185119001]",,coarse_fine,e152047
6.3.9,segment,"[62.220420778001426, 285.21247108199896, 426.26848290600174, 426.96447599199746, 538.460463139003]",,coarse_fine,e152047
3.1.3,segment,"[69.29637740700127, 134.3603701710017, 168.12837950200628, 229.7604217360058, 333.1684050360054, 384.30440753000585, 431.3124178650032, 460.53642218400637, 515.6404083440066, 515.792439997007, 567.2804057750036]",,coarse_fine,e152047
2.4.1,segment,"[-7.984923561001779, -7.360927052002808, -6.128914625005564, -5.47293133000494, 195.37507878999895, 222.6391114479993, 332.31913624799927, 363.30311316799634, 419.0711240709934, 585.7271640749968, 610.9671507579988, 633.3191799220003]",,coarse_fine,e152047
1.2.3,segment,,"[62.6596133330022, 80.57163470100204, 147.25161992699577, 160.0836170420007, 230.34765899700142, 273.7156430429968, 303.6516355490021, 325.195642865001, 335.04364150799665, 348.0756288439952, 369.63564541099913, 378.36366235600144, 401.61164728699805, 428.9316618590019, 454.5156457039993, 505.78768310699525, 578.4436840689959]",coarse_fine,e152047
6.3.9,segment,,"[20.92443336100405, 281.88447386400367, 326.236501970001, 418.6605174159995, 444.2845159130011, 539.5485154100024, 669.580546533005]",coarse_fine,e152047
3.1.3,segment,,"[72.53658132000419, 117.25662916800502, 152.2406276630063, 204.12064835000638, 226.32063150100294, 334.8646383210071, 380.6806268050059, 409.9366628810021, 427.144649589005, 464.5366711720053, 481.16867349400127, 515.3526424950032, 554.912670978003]",coarse_fine,e152047
2.4.1,segment,,"[101.87538434899761, 179.45144448400242, 219.85141640299844, 332.3714357139979, 387.8834403619985, 430.53946569199616, 544.347467560001, 581.2915287709984, 627.0034654850024]",coarse_fine,e152047
1.2.3,segment,,"[8.687771788999726, 73.59978206599999, 81.52782004899973, 151.8957862819998, 191.4557796439999, 274.655794283, 338.25578946899986, 441.5118240419997, 576.4878604939995]",fine_coarse,e152049
6.3.9,segment,,"[56.491586071999336, 201.67559588399945, 278.6196133220001, 417.2116437710001, 526.2276854539996, 670.8196635609993]",fine_coarse,e152049
3.1.3,segment,,"[30.651269230999787, 83.0512751440001, 171.04329483999936, 460.89131230899966, 576.2033527909998]",fine_coarse,e152049
2.4.1,segment,,"[216.57383810700048, 332.6378263310007, 404.0299003730006, 533.1978746560007, 579.2218937950001, 642.9098537580003]",fine_coarse,e152049
1.2.3,segment,"[83.7316375850005, 153.94760273300017, 280.9396448060006, 341.3636650670005, 580.707680947]",,fine_coarse,e152049
6.3.9,segment,"[281.23417490300017, 526.0262272290001, 671.7702383679998]",,fine_coarse,e152049
3.1.3,segment,"[19.405413974000112, 344.01344928399976, 406.8374692970001, 576.3174929049992]",,fine_coarse,e152049
2.4.1,segment,"[243.4631719029985, 335.64714674099923, 358.39115029999994, 404.02315051999904, 637.9352220599994]",,fine_coarse,e152049
1.2.3,segment,"[58.223971095001616, 80.97600004500418, 94.0719782649976, 152.2159927870016, 275.5120445200009, 352.5680625690002, 441.7200782860018, 581.4480501189973]",,coarse_fine,e152050
6.3.9,segment,"[27.375702707999153, 56.47171733399591, 202.40773923300003, 275.7437468559947, 303.75170680799783, 438.50375875499594, 527.0877326659975, 635.0797650219974]",,coarse_fine,e152050
3.1.3,segment,"[21.1069581030024, 70.02692280100018, 171.6509587649998, 343.49098471400066, 416.32301385200117, 460.79502596100065, 571.5630334529997]",,coarse_fine,e152050
2.4.1,segment,"[223.9556517989986, 332.61965146800503, 363.3316581750041, 405.55568108100124, 538.4117087690029, 584.5797217629952, 637.5797177220011]",,coarse_fine,e152050
1.2.3,segment,,"[35.43959174399788, 56.86360691199661, 81.23160202999134, 93.9676017719903, 101.52760261298681, 144.7916080159921, 151.79961864399957, 225.81562291798764, 277.3916220760002, 304.06362557198736, 337.67963709098694, 379.65565846298705, 427.58366106699395, 450.6956405099918, 505.7116579079884, 580.9756436199968]",coarse_fine,e152050
6.3.9,segment,,"[25.287344918004237, 57.95138594300079, 201.31938197099953, 282.90339833400503, 304.69540444901213, 437.27141525600746, 528.2154253949993, 633.87143478301]",coarse_fine,e152050
3.1.3,segment,,"[21.147361573996022, 28.49935662499047, 65.73133931600023, 69.59533540900156, 81.09937500899832, 133.78735105298983, 153.51536682998994, 190.14738037600182, 265.66739387999405, 343.075392557992, 385.5154024689982, 415.4274063740013, 460.8993958880019, 566.8514365469891]",coarse_fine,e152050
2.4.1,segment,,"[10.187418380999588, 21.243434793999768, 89.05946560499433, 224.17947231099242, 240.54746678299853, 285.47545579698635, 332.30746418099443, 359.6834686839866, 401.99551526398864, 537.2834991669952, 582.4995509839937, 635.2355024939898]",coarse_fine,e152050
1.2.3,segment,,"[57.947293915000046, 81.51530949899461, 97.53131164899969, 146.44331100299314, 152.95532491299673, 226.61131698200188, 236.3153029929963, 269.80332307200297, 288.45932724500017, 301.0833447729965, 323.4753337089933, 333.2353414889949, 352.4513220270019, 378.19535200799874, 401.6273198840063, 426.6033560689975, 442.26737145399966, 505.6993841749936, 530.4193279640022, 576.9153346660023, 584.9473409439961]",fine_coarse,e152051
6.3.9,segment,,"[283.78150812900276, 306.9175085260067, 437.5655281770014, 526.5815233690082, 635.1655680969998, 670.2215378050023, 675.3015641020029]",fine_coarse,e152051
3.1.3,segment,,"[21.646111616006237, 70.86211218799872, 172.35814236100123, 343.22215205599787, 419.4381634390011, 463.07818566300557, 572.9741818059993, 585.3022067160055]",fine_coarse,e152051
2.4.1,segment,,"[92.08713573899877, 223.5591371749906, 332.7031901359878, 361.0151715529937, 401.17519500499475, 532.5832176849945, 580.1192001049931, 634.911180939991, 643.0712157749949]",fine_coarse,e152051
1.2.3,segment,"[7.854082591002225, 82.23007836700708, 153.390090779998, 581.0301758610003, 584.3901533960016]",,fine_coarse,e152051
6.3.9,segment,"[11.855492757997126, 283.01556861899735, 527.8235783989949, 670.3035705950024, 674.5275840850081]",,fine_coarse,e152051
3.1.3,segment,"[6.306604304991197, 21.970610670992755, 418.23466306099726, 576.3546407859976, 584.4266725880007]",,fine_coarse,e152051
2.4.1,segment,"[11.985337424994214, 334.2813475479925, 360.71335170399107, 402.625330734998, 631.0653684169956, 642.8574010709999]",,fine_coarse,e152051
1.2.3,segment,"[81.72706889100027, 152.44710876200043, 276.1511217289999, 338.0230809300001, 442.1111426409998, 577.3831277030004]",,coarse_fine,e152052
6.3.9,segment,"[280.90900196799976, 308.1649996059996, 437.8449927239999, 526.3730398859998]",,coarse_fine,e152052
3.1.3,segment,"[21.639141316999485, 170.39914653699998, 342.5991448649993, 415.7111512169995, 574.8551843939995]",,coarse_fine,e152052
2.4.1,segment,"[222.1265697660001, 332.7986334289999, 363.9826333709998, 406.43860392399984, 577.2306427129997, 633.3586348279996]",,coarse_fine,e152052
1.2.3,segment,,"[57.836421881000206, 82.81239442399965, 93.44439878799949, 157.6843987530001, 225.12446007499966, 235.61242293000032, 269.6124129589998, 300.18846362299973, 321.22039867500007, 332.6284225500003, 338.620421224, 377.72442374799994, 401.25244995199955, 426.2764548109999, 443.7964386550002, 504.5164507669997, 531.9084729870001, 575.5804565729995, 584.2044438189996]",coarse_fine,e152052
6.3.9,segment,,"[23.577514468000118, 54.361533604000215, 201.0335300029992, 270.2178220199994, 280.56154806200084, 304.9615207529996, 374.3215790229997, 436.93757090000054, 526.1775695860006, 669.5456478429996]",coarse_fine,e152052
3.1.3,segment,,"[20.19265679000091, 28.288670707001074, 68.8806267430009, 80.13665395000135, 136.8166465890008, 164.76865233800163, 170.23268819200166, 185.1446795110005, 199.59266897700036, 324.3126847980002, 342.7446876540016, 384.56872451000163, 412.91268366700024, 433.0966965380012, 462.74470285200005, 506.73671169200134, 552.7367202920013, 563.6566975860005, 583.9607633490014]",coarse_fine,e152052
2.4.1,segment,,"[9.874938803999612, 86.042942656999, 193.6989750419998, 211.57098199599932, 238.65897201199914, 329.82699675599906, 375.1789973060004, 398.4590275270002, 535.3790240189992, 577.3150275549997, 628.0750059660004, 639.9950516339995]",coarse_fine,e152052
1.2.3,segment,,"[-3.8785895520013582, -1.6786362179991556, -0.9185880069999257, -0.11059219099843176, 9.145358018999104, 57.105363075999776, 76.70536433600137, 90.92938681099986, 156.60137428600137, 291.5454235340003, 520.9774247620007]",fine,e152015
6.3.9,segment,,"[-3.04481836800187, -2.8528105770019465, -1.3568120220006676, 22.035184348998882, 374.0832002019997, 477.2672405609992]",fine,e152015
3.1.3,segment,,"[-1.5481128020001051, 20.563872091999656, 101.22788278499866, 123.03591147299812, 191.21189501799745, 309.4519081010003, 321.79590771400035, 464.62793056199735]",fine,e152015
2.4.1,segment,,"[-4.705908574000205, -3.6419107759975304, -1.097896616000071, 0.07807486500314553, 50.606076660002145, 581.5661657900018]",fine,e152015
1.2.3,segment,,"[-3.9709721869985515, -1.9869534439985728, -1.6349642399982258, -1.3709105849993648, 0.10901737500171294, 70.73305802100003, 81.8690380400003, 146.54104210200057, 164.58906063800168, 271.7490785980008, 302.229068396, 379.46908218300086, 427.81308416900174, 456.2450713120015, 508.91708246500093, 583.3891119610016]",fine,e152019
6.3.9,segment,,"[-7.288111015999675, 426.99193947000094, 535.335955939001]",fine,e152019
3.1.3,segment,,"[-7.006788721000703, -6.646769879000203, -6.302769089001231, -3.6387696050005616, 26.897199596000064, 104.33721910199893, 192.5852390229993, 260.92126881700096, 345.1372541569981, 355.8172824719986, 440.8172697910013, 578.6732879070005]",fine,e152019
2.4.1,segment,,"[77.69595792600012, 224.19997898200018, 332.75999218200013, 416.16000369500034]",fine,e152019
1.2.3,segment,"[81.93192022400035, 152.1719574919989, 272.47596982699906, 582.4279631539976]",,coarse_fine,e152020
6.3.9,segment,"[302.31021945400425, 528.166271287002]",,coarse_fine,e152020
3.1.3,segment,"[20.507766886003083, 73.29976459200407, 345.7317984649999]",,coarse_fine,e152020
2.4.1,segment,"[221.2103349530007, 406.6023664320019]",,coarse_fine,e152020
1.2.3,segment,,"[81.04480010299449, 144.62081353999383, 273.07685341599426, 445.13284822099376, 563.2848635739938, 577.4848930199951, 584.548843601995]",coarse_fine,e152020
6.3.9,segment,,"[283.34385585100244, 321.51189223099936, 421.951903176996, 537.631899259999, 632.335926824002]",coarse_fine,e152020
3.1.3,segment,,"[89.49967516899778, 161.4997001649972, 366.5877116479969, 407.0357207979978, 457.0117329400018, 565.8917884699986, 585.1077659750008]",coarse_fine,e152020
2.4.1,segment,,"[12.662152894998144, 207.40620109399606, 320.3261820889966, 577.8302404720016]",coarse_fine,e152020
1.2.3,segment,,"[25.888434984000014, 80.26447188100019, 94.616434948, 142.39246145800053, 229.28845562699962, 295.0884755510001, 354.8324941329997, 479.12851663300034]",fine_coarse,e152027
6.3.9,segment,,"[33.10099221999917, 106.81297828499919, 278.7570016059999, 327.14902704499946, 569.0690759059999, 664.2050525119994, 667.5810736079993]",fine_coarse,e152027
3.1.3,segment,,"[35.7613655389996, 66.72940126999947, 116.04936878700028, 146.68140316599965, 203.44936352599962, 269.5854166270001, 356.51341241799946, 445.50544487800016, 569.6014671989997, 580.4814576899998]",fine_coarse,e152027
2.4.1,segment,,"[29.365114539999922, 63.069014656000036, 97.91701408300014, 140.0850136830004, 151.13301542299996, 284.0290292899999, 366.50102893300027, 449.3890624300002, 593.5650914739999, 641.7651017030003]",fine_coarse,e152027
1.2.3,segment,"[13.91636903500057, 78.43643547400006, 88.50041012100064, 146.31639082600032, 329.71645480500047, 333.7564564459999, 355.53245383300055, 383.4284476410003, 404.58844975300053, 426.56446773900007, 457.6364566150005, 513.4684885880006]",,fine_coarse,e152027
6.3.9,segment,"[21.978717742999834, 53.74673037999946, 273.7787566549996, 282.61075693399926, 325.6188126299994, 420.62680330999956, 557.5468290669996, 618.3788035439993]",,fine_coarse,e152027
3.1.3,segment,"[64.08386601199982, 66.0279001100007, 84.88388122800006, 128.56388937300108, 211.25989798500086, 318.26790705700114, 443.18793199799984, 451.56392196399975, 569.5719451950008, 581.603969619]",,fine_coarse,e152027
2.4.1,segment,"[20.916290078999737, 217.34832854100023, 268.0283153069995, 288.30834827800027, 363.8363352380002, 376.62830847700025, 587.2923483930008, 630.6923872009993]",,fine_coarse,e152027
1.2.3,segment,"[81.2642294010002, 159.62425781399998, 228.07224451599996, 277.0242366970001, 304.016248723, 336.8002792880002, 378.192292145, 427.3762695800001, 507.872289164, 577.1042961190001]",,coarse_fine,e152029
6.3.9,segment,"[61.00587292199998, 202.14187302500022, 274.01388706399985, 460.35791618099984, 522.829900786, 634.4699031739997, 670.2619269510001]",,coarse_fine,e152029
3.1.3,segment,"[152.50523680900005, 334.55327745999966, 422.4252712789994]",,coarse_fine,e152029
2.4.1,segment,"[223.40938365300008, 334.8414090819997, 404.289420608, 532.8414201579999, 583.2814088539999, 635.5934432309996]",,coarse_fine,e152029
1.2.3,segment,,"[56.48353854800007, 80.93153294100011, 152.2036256850006, 225.9715960930007, 270.9795749540008, 301.13156125300065, 334.23559097, 378.6755770710006, 427.667594519, 505.8835955930008, 576.9876103010001]",coarse_fine,e152029
6.3.9,segment,,"[57.32472520800002, 201.42077444300048, 279.6048050010004, 437.35680095800035, 523.7328086470006, 639.0288339010003, 667.8768484680004]",coarse_fine,e152029
3.1.3,segment,,"[164.76395759499974, 335.3319954260005, 410.3799923200004, 458.91600614900017, 566.7960442719996]",coarse_fine,e152029
2.4.1,segment,,"[215.58221322499958, 321.68624296300004, 402.14224018799905, 533.038285003, 632.2622556369988]",coarse_fine,e152029
1.2.3,segment,"[-3.0535317070025485, 82.44245017500361, 153.63444859300216, 275.71447402200283, 346.2985030080017, 440.9864924700014, 578.682541643997]",,coarse,e152003
6.3.9,segment,"[-6.316542810003739, -1.676559024002927, 284.5875892990007, 440.37949637100246, 532.5555069699985, 677.4035051339961]",,coarse,e152003
3.1.3,segment,"[-8.52994464999938, -7.521954813004413, -5.09792269999889, -1.2499532049987465, 23.87004651100142, 75.40602927200234, 169.07007688200247, 343.4540947429996, 415.9500736089976, 464.2700956819972, 567.9660940069953]",,coarse,e152003
2.4.1,segment,"[-6.891140856001584, -6.715163246000884, -1.5951553090053494, 225.13286995700037, 319.05287989800127, 361.8368592830011, 403.6608966029962, 534.3009034529969, 580.7809033189988, 630.0849012149993]",,coarse,e152003
1.2.3,segment,"[-3.6784942579979543, 85.08150436398864, 153.2655274479912, 583.0095542199997]",,coarse,e152004
6.3.9,segment,"[281.45292781700846, 308.5169434230047, 426.9729654670082, 525.6689816739963, 670.1889755849988]",,coarse,e152004
3.1.3,segment,"[26.83935106098943, 68.99938002300041, 164.41539853998984, 325.22341968699766, 414.775431934002, 453.96742181299487, 567.0314579409896]",,coarse,e152004
2.4.1,segment,"[240.3569225300016, 314.90095041399763, 401.164970066995, 584.5409621939907, 631.1169969039911]",,coarse,e152004
